CVE,V_CLASSIFICATION,VULNERABILITY_URL,P_COMMIT,FilePath,BeginLine,EndLine,Patched,Occurrence,Affected
CVE-2013-4332,>Denial of service<,https://sourceware.org/bugzilla/show_bug.cgi?id=15856,b73ed247781d533628b681f57257dc85882645d3,sysdeps/posix/getaddrinfo.c,1575,1584,0,before,0
CVE-2013-4332,>Denial of service<,https://sourceware.org/bugzilla/show_bug.cgi?id=15856,b73ed247781d533628b681f57257dc85882645d3,sysdeps/posix/getaddrinfo.c,1893,1902,0,before,0
CVE-2013-4332,>Denial of service<,https://sourceware.org/bugzilla/show_bug.cgi?id=15856,b73ed247781d533628b681f57257dc85882645d3,sysdeps/posix/getaddrinfo.c,1905,1914,0,before,0
CVE-2013-4332,>Denial of service<,https://sourceware.org/bugzilla/show_bug.cgi?id=15856,b73ed247781d533628b681f57257dc85882645d3,sysdeps/posix/getaddrinfo.c,1945,2308,0,before,0
CVE-2013-4332,>Denial of service<,https://sourceware.org/bugzilla/show_bug.cgi?id=15856,b73ed247781d533628b681f57257dc85882645d3,sysdeps/posix/getaddrinfo.c,2311,2318,0,before,0
CVE-2013-4332,>Denial of service<,https://sourceware.org/bugzilla/show_bug.cgi?id=15856,b73ed247781d533628b681f57257dc85882645d3,sysdeps/posix/getaddrinfo.c,150,183,0,before,0
CVE-2013-4332,>Denial of service<,https://sourceware.org/bugzilla/show_bug.cgi?id=15856,b73ed247781d533628b681f57257dc85882645d3,sysdeps/posix/getaddrinfo.c,1558,1563,0,before,0
CVE-2013-4332,>Denial of service<,https://sourceware.org/bugzilla/show_bug.cgi?id=15856,b73ed247781d533628b681f57257dc85882645d3,sysdeps/posix/getaddrinfo.c,1566,1571,0,before,0
CVE-2013-4332,>Denial of service<,https://sourceware.org/bugzilla/show_bug.cgi?id=15856,b73ed247781d533628b681f57257dc85882645d3,sysdeps/posix/getaddrinfo.c,1372,1414,0,before,0
CVE-2013-4332,>Denial of service<,https://sourceware.org/bugzilla/show_bug.cgi?id=15856,b73ed247781d533628b681f57257dc85882645d3,sysdeps/posix/getaddrinfo.c,2321,2631,0,before,0
CVE-2013-4332,>Denial of service<,https://sourceware.org/bugzilla/show_bug.cgi?id=15856,b73ed247781d533628b681f57257dc85882645d3,sysdeps/posix/getaddrinfo.c,1829,1836,0,before,0
CVE-2013-4332,>Denial of service<,https://sourceware.org/bugzilla/show_bug.cgi?id=15856,b73ed247781d533628b681f57257dc85882645d3,sysdeps/posix/getaddrinfo.c,1854,1876,0,before,0
CVE-2013-4332,>Denial of service<,https://sourceware.org/bugzilla/show_bug.cgi?id=15856,b73ed247781d533628b681f57257dc85882645d3,sysdeps/posix/getaddrinfo.c,1505,1555,0,before,0
CVE-2013-4332,>Denial of service<,https://sourceware.org/bugzilla/show_bug.cgi?id=15856,b73ed247781d533628b681f57257dc85882645d3,sysdeps/posix/getaddrinfo.c,1917,1928,0,before,0
CVE-2013-4332,>Denial of service<,https://sourceware.org/bugzilla/show_bug.cgi?id=15856,b73ed247781d533628b681f57257dc85882645d3,sysdeps/posix/getaddrinfo.c,1587,1826,0,before,0
CVE-2013-4332,>Denial of service<,https://sourceware.org/bugzilla/show_bug.cgi?id=15856,b73ed247781d533628b681f57257dc85882645d3,sysdeps/posix/getaddrinfo.c,1931,1942,0,before,0
CVE-2014-9402,>Denial of service<,https://sourceware.org/bugzilla/show_bug.cgi?id=17630,ac8060265bcaca61568ef3a20b9a0140a270af54,math/s_nanf.c,196,39,0,before,0
CVE-2014-9402,>Denial of service<,https://sourceware.org/bugzilla/show_bug.cgi?id=17630,ac8060265bcaca61568ef3a20b9a0140a270af54,math/s_nanl.c,196,39,0,before,0
CVE-2015-1781,>Overflow<>Execute code<>Denial of service<,https://sourceware.org/bugzilla/show_bug.cgi?id=18287,2959eda9272a033863c271aff62095abd01bd4e3,stdio-common/vfprintf.c,2122,2152,0,before,0
CVE-2015-1781,>Overflow<>Execute code<>Denial of service<,https://sourceware.org/bugzilla/show_bug.cgi?id=18287,2959eda9272a033863c271aff62095abd01bd4e3,stdio-common/vfprintf.c,1987,2035,0,before,0
CVE-2015-1781,>Overflow<>Execute code<>Denial of service<,https://sourceware.org/bugzilla/show_bug.cgi?id=18287,2959eda9272a033863c271aff62095abd01bd4e3,stdio-common/vfprintf.c,1987,2035,0,before,0
CVE-2015-5180,>Memory Corruption<>Denial of service<,https://sourceware.org/bugzilla/show_bug.cgi?id=18784,fc82b0a2dfe7dbd35671c10510a8da1043d746a5,stdio-common/vfscanf.c,2869,2873,0,before,0
CVE-2015-8778,>Overflow<>Execute code<>Denial of service<,https://sourceware.org/bugzilla/show_bug.cgi?id=18240,bae7c7c764413b23e61cb099ce33be4c4ee259bb,misc/mntent_r.c,39,54,0,before,0
CVE-2016-10228,>Input validation<>Denial of service<,https://sourceware.org/bugzilla/show_bug.cgi?id=19519,9a99c682144bdbd40792ebf822fe9264e0376fb5,support/blob_repeat.c,130,256,0,before,0
CVE-2016-10228,>Input validation<>Denial of service<,https://sourceware.org/bugzilla/show_bug.cgi?id=19519,9a99c682144bdbd40792ebf822fe9264e0376fb5,support/blob_repeat.c,89,103,0,before,0
CVE-2016-10228,>Input validation<>Denial of service<,https://sourceware.org/bugzilla/show_bug.cgi?id=19519,9a99c682144bdbd40792ebf822fe9264e0376fb5,support/blob_repeat.c,52,85,0,before,0
CVE-2016-10228,>Input validation<>Denial of service<,https://sourceware.org/bugzilla/show_bug.cgi?id=19519,9a99c682144bdbd40792ebf822fe9264e0376fb5,support/blob_repeat.c,38,48,0,before,0
CVE-2016-10228,>Input validation<>Denial of service<,https://sourceware.org/bugzilla/show_bug.cgi?id=19519,9a99c682144bdbd40792ebf822fe9264e0376fb5,support/blob_repeat.c,108,125,0,before,0
CVE-2016-10228,>Input validation<>Denial of service<,https://sourceware.org/bugzilla/show_bug.cgi?id=19519,9a99c682144bdbd40792ebf822fe9264e0376fb5,support/blob_repeat.c,258,272,0,before,0
CVE-2016-10739,>Input validation<,https://sourceware.org/bugzilla/show_bug.cgi?id=20018,108bc4049f8ae82710aec26a92ffdb4b439c83fd,sunrpc/clnt_udp.c,118,205,0,before,0
CVE-2016-1234,>Overflow<>Denial of service<,https://sourceware.org/bugzilla/show_bug.cgi?id=19779,5171f3079f2cc53e0548fc4967361f4d1ce9d7ea,nscd/connections.c,1811,1848,0,before,0
CVE-2016-1234,>Overflow<>Denial of service<,https://sourceware.org/bugzilla/show_bug.cgi?id=19779,5171f3079f2cc53e0548fc4967361f4d1ce9d7ea,nscd/connections.c,249,295,0,before,0
CVE-2016-1234,>Overflow<>Denial of service<,https://sourceware.org/bugzilla/show_bug.cgi?id=19779,5171f3079f2cc53e0548fc4967361f4d1ce9d7ea,nscd/connections.c,805,809,0,before,0
CVE-2016-1234,>Overflow<>Denial of service<,https://sourceware.org/bugzilla/show_bug.cgi?id=19779,5171f3079f2cc53e0548fc4967361f4d1ce9d7ea,nscd/connections.c,1460,1507,0,before,0
CVE-2016-1234,>Overflow<>Denial of service<,https://sourceware.org/bugzilla/show_bug.cgi?id=19779,5171f3079f2cc53e0548fc4967361f4d1ce9d7ea,nscd/connections.c,1853,1875,0,before,0
CVE-2016-1234,>Overflow<>Denial of service<,https://sourceware.org/bugzilla/show_bug.cgi?id=19779,5171f3079f2cc53e0548fc4967361f4d1ce9d7ea,nscd/connections.c,882,1107,0,before,0
CVE-2016-1234,>Overflow<>Denial of service<,https://sourceware.org/bugzilla/show_bug.cgi?id=19779,5171f3079f2cc53e0548fc4967361f4d1ce9d7ea,nscd/connections.c,812,833,0,before,0
CVE-2016-1234,>Overflow<>Denial of service<,https://sourceware.org/bugzilla/show_bug.cgi?id=19779,5171f3079f2cc53e0548fc4967361f4d1ce9d7ea,nscd/connections.c,430,801,0,before,0
CVE-2016-1234,>Overflow<>Denial of service<,https://sourceware.org/bugzilla/show_bug.cgi?id=19779,5171f3079f2cc53e0548fc4967361f4d1ce9d7ea,nscd/connections.c,1270,1455,0,before,0
CVE-2016-1234,>Overflow<>Denial of service<,https://sourceware.org/bugzilla/show_bug.cgi?id=19779,5171f3079f2cc53e0548fc4967361f4d1ce9d7ea,nscd/connections.c,1111,1241,0,before,0
CVE-2016-1234,>Overflow<>Denial of service<,https://sourceware.org/bugzilla/show_bug.cgi?id=19779,5171f3079f2cc53e0548fc4967361f4d1ce9d7ea,nscd/connections.c,1511,1516,0,before,0
CVE-2016-1234,>Overflow<>Denial of service<,https://sourceware.org/bugzilla/show_bug.cgi?id=19779,5171f3079f2cc53e0548fc4967361f4d1ce9d7ea,nscd/connections.c,1722,1805,0,before,0
CVE-2016-1234,>Overflow<>Denial of service<,https://sourceware.org/bugzilla/show_bug.cgi?id=19779,5171f3079f2cc53e0548fc4967361f4d1ce9d7ea,nscd/connections.c,299,426,0,before,0
CVE-2016-1234,>Overflow<>Denial of service<,https://sourceware.org/bugzilla/show_bug.cgi?id=19779,5171f3079f2cc53e0548fc4967361f4d1ce9d7ea,nscd/connections.c,187,202,0,before,0
CVE-2016-3075,>Overflow<>Denial of service<,https://sourceware.org/bugzilla/show_bug.cgi?id=19879,317b199b4aff8cfa27f2302ab404d2bb5032b9a4,stdio-common/vfprintf.c,2103,2133,0,before,0
CVE-2016-3075,>Overflow<>Denial of service<,https://sourceware.org/bugzilla/show_bug.cgi?id=19879,317b199b4aff8cfa27f2302ab404d2bb5032b9a4,stdio-common/vfprintf.c,1968,2016,0,before,0
CVE-2016-3075,>Overflow<>Denial of service<,https://sourceware.org/bugzilla/show_bug.cgi?id=19879,317b199b4aff8cfa27f2302ab404d2bb5032b9a4,stdio-common/vfprintf.c,1968,2016,0,before,0
CVE-2016-3706,>Overflow<>Input validation<>Denial of service<,https://sourceware.org/bugzilla/show_bug.cgi?id=20010,4ab2ab03d4351914ee53248dc5aef4a8c88ff8b9,grp/initgroups.c,140,170,0,before,0
CVE-2016-3706,>Overflow<>Input validation<>Denial of service<,https://sourceware.org/bugzilla/show_bug.cgi?id=20010,4ab2ab03d4351914ee53248dc5aef4a8c88ff8b9,grp/initgroups.c,172,220,0,before,0
CVE-2016-3706,>Overflow<>Input validation<>Denial of service<,https://sourceware.org/bugzilla/show_bug.cgi?id=20010,4ab2ab03d4351914ee53248dc5aef4a8c88ff8b9,intl/dcigettext.c,1130,1138,0,before,0
CVE-2016-4429,>Overflow<>Memory Corruption<>Denial of service<,https://sourceware.org/bugzilla/show_bug.cgi?id=20112,bc779a1a5b3035133024b21e2f339fe4219fb11c,grp/initgroups.c,174,222,0,before,0
CVE-2016-4429,>Overflow<>Memory Corruption<>Denial of service<,https://sourceware.org/bugzilla/show_bug.cgi?id=20112,d42eed4a044e5e10dfb885cf9891c2518a72a491,malloc/malloc.c,2839,2867,0,before,0
CVE-2016-4429,>Overflow<>Memory Corruption<>Denial of service<,https://sourceware.org/bugzilla/show_bug.cgi?id=20112,d42eed4a044e5e10dfb885cf9891c2518a72a491,malloc/malloc.c,4905,4932,0,before,0
CVE-2016-4429,>Overflow<>Memory Corruption<>Denial of service<,https://sourceware.org/bugzilla/show_bug.cgi?id=20112,d42eed4a044e5e10dfb885cf9891c2518a72a491,malloc/malloc.c,2868,2904,0,before,0
CVE-2017-12132,Undefined,https://sourceware.org/bugzilla/show_bug.cgi?id=21361,e14a27723cc3a154d67f3f26e719d08c0ba9ad25,malloc/malloc.c,2839,2867,0,before,0
CVE-2017-12132,Undefined,https://sourceware.org/bugzilla/show_bug.cgi?id=21361,e14a27723cc3a154d67f3f26e719d08c0ba9ad25,malloc/malloc.c,4919,4946,0,before,0
CVE-2017-12132,Undefined,https://sourceware.org/bugzilla/show_bug.cgi?id=21361,e14a27723cc3a154d67f3f26e719d08c0ba9ad25,malloc/malloc.c,2868,2904,0,before,0
CVE-2017-12132,Undefined,https://sourceware.org/bugzilla/show_bug.cgi?id=21361,e14a27723cc3a154d67f3f26e719d08c0ba9ad25,malloc/malloc.c,2868,2904,0,before,0
CVE-2017-12132,Undefined,https://sourceware.org/bugzilla/show_bug.cgi?id=21361,e14a27723cc3a154d67f3f26e719d08c0ba9ad25,malloc/malloc.c,2868,2904,0,before,0
CVE-2017-12132,Undefined,https://sourceware.org/bugzilla/show_bug.cgi?id=21361,e14a27723cc3a154d67f3f26e719d08c0ba9ad25,malloc/malloc.c,2868,2904,0,before,0
CVE-2017-12132,Undefined,https://sourceware.org/bugzilla/show_bug.cgi?id=21361,e14a27723cc3a154d67f3f26e719d08c0ba9ad25,malloc/malloc.c,1801,1821,0,before,0
CVE-2017-12132,Undefined,https://sourceware.org/bugzilla/show_bug.cgi?id=21361,e14a27723cc3a154d67f3f26e719d08c0ba9ad25,malloc/malloc.c,2764,2793,0,before,0
CVE-2017-12132,Undefined,https://sourceware.org/bugzilla/show_bug.cgi?id=21361,e14a27723cc3a154d67f3f26e719d08c0ba9ad25,malloc/malloc.c,2243,2695,0,before,0
CVE-2017-12132,Undefined,https://sourceware.org/bugzilla/show_bug.cgi?id=21361,e14a27723cc3a154d67f3f26e719d08c0ba9ad25,malloc/malloc.c,2707,2762,0,before,0
CVE-2017-12132,Undefined,https://sourceware.org/bugzilla/show_bug.cgi?id=21361,e14a27723cc3a154d67f3f26e719d08c0ba9ad25,malloc/malloc.c,4947,5136,0,before,0
CVE-2017-12132,Undefined,https://sourceware.org/bugzilla/show_bug.cgi?id=21361,e14a27723cc3a154d67f3f26e719d08c0ba9ad25,malloc/malloc.c,4947,5136,0,before,0
CVE-2017-12133,>Memory Corruption<,https://sourceware.org/bugzilla/show_bug.cgi?id=21115,d42eed4a044e5e10dfb885cf9891c2518a72a491,stdio-common/vfscanf.c,2939,2943,0,before,0
CVE-2017-15670,>Overflow<,https://sourceware.org/bugzilla/show_bug.cgi?id=22320,c369d66e5426a30e4725b100d5cd28e372754f90,nscd/netgroupcache.c,655,662,0,before,0
CVE-2017-15670,>Overflow<,https://sourceware.org/bugzilla/show_bug.cgi?id=22320,c369d66e5426a30e4725b100d5cd28e372754f90,nscd/netgroupcache.c,681,686,0,before,0
CVE-2017-15670,>Overflow<,https://sourceware.org/bugzilla/show_bug.cgi?id=22320,c369d66e5426a30e4725b100d5cd28e372754f90,nscd/netgroupcache.c,481,652,0,before,0
CVE-2017-15670,>Overflow<,https://sourceware.org/bugzilla/show_bug.cgi?id=22320,c369d66e5426a30e4725b100d5cd28e372754f90,nscd/netgroupcache.c,73,116,0,before,0
CVE-2017-15670,>Overflow<,https://sourceware.org/bugzilla/show_bug.cgi?id=22320,c369d66e5426a30e4725b100d5cd28e372754f90,nscd/netgroupcache.c,665,678,0,before,0
CVE-2017-15670,>Overflow<,https://sourceware.org/bugzilla/show_bug.cgi?id=22320,c369d66e5426a30e4725b100d5cd28e372754f90,nscd/netgroupcache.c,689,700,0,before,0
CVE-2017-16997,>File inclusion<,https://sourceware.org/bugzilla/show_bug.cgi?id=22625,3e3c904daef69b8bf7d5cc07f793c9f07c3553ef,string/strxfrm_l.c,50,81,0,before,0
CVE-2017-17426,>Overflow<,https://sourceware.org/bugzilla/show_bug.cgi?id=22375,34697694e8a93b325b18f25f7dcded55d6baeaf6,resolv/nss_dns/dns-network.c,153,237,0,before,0
CVE-2018-11236,>Overflow<>Memory Corruption<,https://sourceware.org/bugzilla/show_bug.cgi?id=22786,5460617d1567657621107d895ee2dd83bc1f88f2,resolv/res_send.c,135,144,0,before,0
CVE-2018-11236,>Overflow<>Memory Corruption<,https://sourceware.org/bugzilla/show_bug.cgi?id=22786,5460617d1567657621107d895ee2dd83bc1f88f2,resolv/res_send.c,159,166,0,before,0
CVE-2018-11236,>Overflow<>Memory Corruption<,https://sourceware.org/bugzilla/show_bug.cgi?id=22786,5460617d1567657621107d895ee2dd83bc1f88f2,resolv/res_send.c,129,133,0,before,0
CVE-2018-11236,>Overflow<>Memory Corruption<,https://sourceware.org/bugzilla/show_bug.cgi?id=22786,5460617d1567657621107d895ee2dd83bc1f88f2,resolv/res_send.c,168,176,0,before,0
CVE-2018-11236,>Overflow<>Memory Corruption<,https://sourceware.org/bugzilla/show_bug.cgi?id=22786,5460617d1567657621107d895ee2dd83bc1f88f2,resolv/res_send.c,146,157,0,before,0
CVE-2018-11236,>Overflow<>Memory Corruption<,https://sourceware.org/bugzilla/show_bug.cgi?id=22786,5460617d1567657621107d895ee2dd83bc1f88f2,resolv/res_init.c,627,633,0,before,0
CVE-2018-11236,>Overflow<>Memory Corruption<,https://sourceware.org/bugzilla/show_bug.cgi?id=22786,5460617d1567657621107d895ee2dd83bc1f88f2,resolv/res_send.c,286,340,0,before,0
CVE-2018-11236,>Overflow<>Memory Corruption<,https://sourceware.org/bugzilla/show_bug.cgi?id=22786,5460617d1567657621107d895ee2dd83bc1f88f2,resolv/res_send.c,286,340,0,before,0
CVE-2018-11236,>Overflow<>Memory Corruption<,https://sourceware.org/bugzilla/show_bug.cgi?id=22786,5460617d1567657621107d895ee2dd83bc1f88f2,resolv/res_send.c,286,340,0,before,0
CVE-2018-11236,>Overflow<>Memory Corruption<,https://sourceware.org/bugzilla/show_bug.cgi?id=22786,5460617d1567657621107d895ee2dd83bc1f88f2,resolv/res_send.c,1024,1462,0,before,0
CVE-2018-11236,>Overflow<>Memory Corruption<,https://sourceware.org/bugzilla/show_bug.cgi?id=22786,5460617d1567657621107d895ee2dd83bc1f88f2,resolv/res_send.c,1504,1526,0,before,0
CVE-2018-11236,>Overflow<>Memory Corruption<,https://sourceware.org/bugzilla/show_bug.cgi?id=22786,3bad2358d67d371497079bba4f8eca9c0096f4e2,time/strftime_l.c,368,389,0,before,0
CVE-2018-11236,>Overflow<>Memory Corruption<,https://sourceware.org/bugzilla/show_bug.cgi?id=22786,3bad2358d67d371497079bba4f8eca9c0096f4e2,time/strftime_l.c,403,415,0,before,0
CVE-2018-11236,>Overflow<>Memory Corruption<,https://sourceware.org/bugzilla/show_bug.cgi?id=22786,f5e7e95921847bd83186bfe621fc2b48c4de5477,elf/rtld.c,737,2180,0,before,0
CVE-2018-11236,>Overflow<>Memory Corruption<,https://sourceware.org/bugzilla/show_bug.cgi?id=22786,f5e7e95921847bd83186bfe621fc2b48c4de5477,elf/rtld.c,488,497,0,before,0
CVE-2018-11236,>Overflow<>Memory Corruption<,https://sourceware.org/bugzilla/show_bug.cgi?id=22786,f5e7e95921847bd83186bfe621fc2b48c4de5477,elf/rtld.c,653,682,0,before,0
CVE-2018-11236,>Overflow<>Memory Corruption<,https://sourceware.org/bugzilla/show_bug.cgi?id=22786,f5e7e95921847bd83186bfe621fc2b48c4de5477,elf/rtld.c,523,535,0,before,0
CVE-2018-11236,>Overflow<>Memory Corruption<,https://sourceware.org/bugzilla/show_bug.cgi?id=22786,f5e7e95921847bd83186bfe621fc2b48c4de5477,elf/rtld.c,572,639,0,before,0
CVE-2018-11236,>Overflow<>Memory Corruption<,https://sourceware.org/bugzilla/show_bug.cgi?id=22786,f5e7e95921847bd83186bfe621fc2b48c4de5477,elf/rtld.c,499,510,0,before,0
CVE-2018-11236,>Overflow<>Memory Corruption<,https://sourceware.org/bugzilla/show_bug.cgi?id=22786,f5e7e95921847bd83186bfe621fc2b48c4de5477,elf/rtld.c,479,486,0,before,0
CVE-2018-11236,>Overflow<>Memory Corruption<,https://sourceware.org/bugzilla/show_bug.cgi?id=22786,f5e7e95921847bd83186bfe621fc2b48c4de5477,elf/rtld.c,537,568,0,before,0
CVE-2018-11236,>Overflow<>Memory Corruption<,https://sourceware.org/bugzilla/show_bug.cgi?id=22786,f5e7e95921847bd83186bfe621fc2b48c4de5477,elf/rtld.c,2195,2201,0,before,0
CVE-2018-11236,>Overflow<>Memory Corruption<,https://sourceware.org/bugzilla/show_bug.cgi?id=22786,f5e7e95921847bd83186bfe621fc2b48c4de5477,elf/rtld.c,2574,2675,0,before,0
CVE-2018-11236,>Overflow<>Memory Corruption<,https://sourceware.org/bugzilla/show_bug.cgi?id=22786,f5e7e95921847bd83186bfe621fc2b48c4de5477,elf/rtld.c,2184,2191,0,before,0
CVE-2018-11236,>Overflow<>Memory Corruption<,https://sourceware.org/bugzilla/show_bug.cgi?id=22786,f5e7e95921847bd83186bfe621fc2b48c4de5477,elf/rtld.c,2313,2337,0,before,0
CVE-2018-11236,>Overflow<>Memory Corruption<,https://sourceware.org/bugzilla/show_bug.cgi?id=22786,f5e7e95921847bd83186bfe621fc2b48c4de5477,elf/rtld.c,2208,2311,0,before,0
CVE-2018-11236,>Overflow<>Memory Corruption<,https://sourceware.org/bugzilla/show_bug.cgi?id=22786,f5e7e95921847bd83186bfe621fc2b48c4de5477,elf/rtld.c,471,477,0,before,0
CVE-2018-11236,>Overflow<>Memory Corruption<,https://sourceware.org/bugzilla/show_bug.cgi?id=22786,f5e7e95921847bd83186bfe621fc2b48c4de5477,elf/rtld.c,512,520,0,before,0
CVE-2018-11236,>Overflow<>Memory Corruption<,https://sourceware.org/bugzilla/show_bug.cgi?id=22786,60708030536df82616c16aa2f14f533c4362b969,stdlib/strtod_l.c,181,188,0,before,0
CVE-2018-11236,>Overflow<>Memory Corruption<,https://sourceware.org/bugzilla/show_bug.cgi?id=22786,60708030536df82616c16aa2f14f533c4362b969,stdlib/strtod_l.c,205,340,0,before,0
CVE-2018-11236,>Overflow<>Memory Corruption<,https://sourceware.org/bugzilla/show_bug.cgi?id=22786,60708030536df82616c16aa2f14f533c4362b969,stdlib/strtod_l.c,348,442,0,before,0
CVE-2018-11236,>Overflow<>Memory Corruption<,https://sourceware.org/bugzilla/show_bug.cgi?id=22786,60708030536df82616c16aa2f14f533c4362b969,stdlib/strtod_l.c,193,200,0,before,0
CVE-2018-11237,>Overflow<>Memory Corruption<,https://sourceware.org/bugzilla/show_bug.cgi?id=23196,9aaaab7c6e4176e61c59b0a63c6ba906d875dc0e,catgets/catgets.c,114,144,0,before,0
CVE-2018-11237,>Overflow<>Memory Corruption<,https://sourceware.org/bugzilla/show_bug.cgi?id=23196,9aaaab7c6e4176e61c59b0a63c6ba906d875dc0e,catgets/catgets.c,83,110,0,before,0
CVE-2018-19591,>Input validation<,https://sourceware.org/bugzilla/show_bug.cgi?id=23927,899478c2bfa00c5df8d8bedb52effbb065700278,resolv/nss_dns/dns-host.c,280,361,0,before,0
CVE-2018-19591,>Input validation<,https://sourceware.org/bugzilla/show_bug.cgi?id=23927,899478c2bfa00c5df8d8bedb52effbb065700278,resolv/nss_dns/dns-host.c,262,277,0,before,0
CVE-2018-19591,>Input validation<,https://sourceware.org/bugzilla/show_bug.cgi?id=23927,899478c2bfa00c5df8d8bedb52effbb065700278,resolv/nss_dns/dns-host.c,551,591,0,before,0
CVE-2018-19591,>Input validation<,https://sourceware.org/bugzilla/show_bug.cgi?id=23927,899478c2bfa00c5df8d8bedb52effbb065700278,resolv/res_send.c,127,136,0,before,0
CVE-2018-19591,>Input validation<,https://sourceware.org/bugzilla/show_bug.cgi?id=23927,899478c2bfa00c5df8d8bedb52effbb065700278,resolv/res_send.c,151,158,0,before,0
CVE-2018-19591,>Input validation<,https://sourceware.org/bugzilla/show_bug.cgi?id=23927,899478c2bfa00c5df8d8bedb52effbb065700278,resolv/res_send.c,121,125,0,before,0
CVE-2018-19591,>Input validation<,https://sourceware.org/bugzilla/show_bug.cgi?id=23927,899478c2bfa00c5df8d8bedb52effbb065700278,resolv/res_send.c,160,168,0,before,0
CVE-2018-19591,>Input validation<,https://sourceware.org/bugzilla/show_bug.cgi?id=23927,899478c2bfa00c5df8d8bedb52effbb065700278,resolv/res_send.c,138,149,0,before,0
CVE-2018-19591,>Input validation<,https://sourceware.org/bugzilla/show_bug.cgi?id=23927,899478c2bfa00c5df8d8bedb52effbb065700278,resolv/nss_dns/dns-host.c,594,976,0,before,0
CVE-2018-19591,>Input validation<,https://sourceware.org/bugzilla/show_bug.cgi?id=23927,899478c2bfa00c5df8d8bedb52effbb065700278,resolv/nss_dns/dns-host.c,249,259,0,before,0
CVE-2018-19591,>Input validation<,https://sourceware.org/bugzilla/show_bug.cgi?id=23927,899478c2bfa00c5df8d8bedb52effbb065700278,resolv/nss_dns/dns-host.c,249,259,0,before,0
CVE-2018-19591,>Input validation<,https://sourceware.org/bugzilla/show_bug.cgi?id=23927,899478c2bfa00c5df8d8bedb52effbb065700278,resolv/nss_dns/dns-host.c,370,535,0,before,0
CVE-2018-19591,>Input validation<,https://sourceware.org/bugzilla/show_bug.cgi?id=23927,899478c2bfa00c5df8d8bedb52effbb065700278,resolv/nss_dns/dns-host.c,370,535,0,before,0
CVE-2018-19591,>Input validation<,https://sourceware.org/bugzilla/show_bug.cgi?id=23927,899478c2bfa00c5df8d8bedb52effbb065700278,resolv/res_send.c,280,334,0,before,0
CVE-2018-19591,>Input validation<,https://sourceware.org/bugzilla/show_bug.cgi?id=23927,899478c2bfa00c5df8d8bedb52effbb065700278,resolv/res_send.c,280,334,0,before,0
CVE-2018-19591,>Input validation<,https://sourceware.org/bugzilla/show_bug.cgi?id=23927,899478c2bfa00c5df8d8bedb52effbb065700278,resolv/res_send.c,280,334,0,before,0
CVE-2018-19591,>Input validation<,https://sourceware.org/bugzilla/show_bug.cgi?id=23927,899478c2bfa00c5df8d8bedb52effbb065700278,resolv/res_query.c,311,322,0,before,0
CVE-2018-19591,>Input validation<,https://sourceware.org/bugzilla/show_bug.cgi?id=23927,899478c2bfa00c5df8d8bedb52effbb065700278,resolv/res_query.c,311,322,0,before,0
CVE-2018-19591,>Input validation<,https://sourceware.org/bugzilla/show_bug.cgi?id=23927,899478c2bfa00c5df8d8bedb52effbb065700278,resolv/res_query.c,311,322,0,before,0
CVE-2018-19591,>Input validation<,https://sourceware.org/bugzilla/show_bug.cgi?id=23927,899478c2bfa00c5df8d8bedb52effbb065700278,resolv/res_query.c,311,322,0,before,0
CVE-2018-19591,>Input validation<,https://sourceware.org/bugzilla/show_bug.cgi?id=23927,899478c2bfa00c5df8d8bedb52effbb065700278,resolv/res_query.c,311,322,0,before,0
CVE-2018-19591,>Input validation<,https://sourceware.org/bugzilla/show_bug.cgi?id=23927,899478c2bfa00c5df8d8bedb52effbb065700278,resolv/res_send.c,905,949,0,before,0
CVE-2018-19591,>Input validation<,https://sourceware.org/bugzilla/show_bug.cgi?id=23927,899478c2bfa00c5df8d8bedb52effbb065700278,resolv/res_send.c,207,241,0,before,0
CVE-2018-19591,>Input validation<,https://sourceware.org/bugzilla/show_bug.cgi?id=23927,899478c2bfa00c5df8d8bedb52effbb065700278,resolv/res_send.c,1431,1453,0,before,0
CVE-2019-6488,>Memory Corruption<,https://sourceware.org/bugzilla/show_bug.cgi?id=24097,97700a34f36721b11a754cf37a1cc40695ece1fd,resolv/res_init.c,136,450,0,before,0
CVE-2019-6488,>Memory Corruption<,https://sourceware.org/bugzilla/show_bug.cgi?id=24097,b304fc201d2f6baf52ea790df8643e99772243cd,resolv/res_send.c,144,153,0,before,0
CVE-2019-6488,>Memory Corruption<,https://sourceware.org/bugzilla/show_bug.cgi?id=24097,b304fc201d2f6baf52ea790df8643e99772243cd,resolv/res_send.c,168,175,0,before,0
CVE-2019-6488,>Memory Corruption<,https://sourceware.org/bugzilla/show_bug.cgi?id=24097,b304fc201d2f6baf52ea790df8643e99772243cd,resolv/res_send.c,138,142,0,before,0
CVE-2019-6488,>Memory Corruption<,https://sourceware.org/bugzilla/show_bug.cgi?id=24097,b304fc201d2f6baf52ea790df8643e99772243cd,resolv/res_send.c,177,185,0,before,0
CVE-2019-6488,>Memory Corruption<,https://sourceware.org/bugzilla/show_bug.cgi?id=24097,b304fc201d2f6baf52ea790df8643e99772243cd,resolv/res_send.c,155,166,0,before,0
CVE-2019-6488,>Memory Corruption<,https://sourceware.org/bugzilla/show_bug.cgi?id=24097,b304fc201d2f6baf52ea790df8643e99772243cd,resolv/res_send.c,297,351,0,before,0
CVE-2019-6488,>Memory Corruption<,https://sourceware.org/bugzilla/show_bug.cgi?id=24097,b304fc201d2f6baf52ea790df8643e99772243cd,resolv/res_send.c,297,351,0,before,0
CVE-2019-6488,>Memory Corruption<,https://sourceware.org/bugzilla/show_bug.cgi?id=24097,b304fc201d2f6baf52ea790df8643e99772243cd,resolv/res_send.c,297,351,0,before,0
CVE-2019-6488,>Memory Corruption<,https://sourceware.org/bugzilla/show_bug.cgi?id=24097,b304fc201d2f6baf52ea790df8643e99772243cd,resolv/res_send.c,978,1022,0,before,0
CVE-2019-6488,>Memory Corruption<,https://sourceware.org/bugzilla/show_bug.cgi?id=24097,b304fc201d2f6baf52ea790df8643e99772243cd,resolv/res_send.c,224,258,0,before,0
CVE-2019-6488,>Memory Corruption<,https://sourceware.org/bugzilla/show_bug.cgi?id=24097,b304fc201d2f6baf52ea790df8643e99772243cd,resolv/res_send.c,723,976,0,before,0
CVE-2019-6488,>Memory Corruption<,https://sourceware.org/bugzilla/show_bug.cgi?id=24097,b304fc201d2f6baf52ea790df8643e99772243cd,resolv/res_send.c,1565,1587,0,before,0
CVE-2019-6488,>Memory Corruption<,https://sourceware.org/bugzilla/show_bug.cgi?id=24097,231c56760c1e2ded21ad96bbb860b1f08c556c7a,resolv/nss_dns/dns-network.c,153,237,0,before,0
CVE-2019-6488,>Memory Corruption<,https://sourceware.org/bugzilla/show_bug.cgi?id=24097,231c56760c1e2ded21ad96bbb860b1f08c556c7a,resolv/nss_dns/dns-network.c,243,469,0,before,0
CVE-2019-6488,>Memory Corruption<,https://sourceware.org/bugzilla/show_bug.cgi?id=24097,ecd8b842cf37ea112e59cd9085ff1f1b6e208ae0,sysdeps/posix/getaddrinfo.c,1844,1848,0,before,0
CVE-2019-6488,>Memory Corruption<,https://sourceware.org/bugzilla/show_bug.cgi?id=24097,ecd8b842cf37ea112e59cd9085ff1f1b6e208ae0,sysdeps/posix/getaddrinfo.c,1541,1550,0,before,0
CVE-2019-6488,>Memory Corruption<,https://sourceware.org/bugzilla/show_bug.cgi?id=24097,ecd8b842cf37ea112e59cd9085ff1f1b6e208ae0,sysdeps/posix/getaddrinfo.c,1892,1901,0,before,0
CVE-2019-6488,>Memory Corruption<,https://sourceware.org/bugzilla/show_bug.cgi?id=24097,ecd8b842cf37ea112e59cd9085ff1f1b6e208ae0,sysdeps/posix/getaddrinfo.c,1904,1913,0,before,0
CVE-2019-6488,>Memory Corruption<,https://sourceware.org/bugzilla/show_bug.cgi?id=24097,ecd8b842cf37ea112e59cd9085ff1f1b6e208ae0,sysdeps/posix/getaddrinfo.c,1944,2307,0,before,0
CVE-2019-6488,>Memory Corruption<,https://sourceware.org/bugzilla/show_bug.cgi?id=24097,ecd8b842cf37ea112e59cd9085ff1f1b6e208ae0,sysdeps/posix/getaddrinfo.c,2310,2317,0,before,0
CVE-2019-6488,>Memory Corruption<,https://sourceware.org/bugzilla/show_bug.cgi?id=24097,ecd8b842cf37ea112e59cd9085ff1f1b6e208ae0,sysdeps/posix/getaddrinfo.c,136,169,0,before,0
CVE-2019-6488,>Memory Corruption<,https://sourceware.org/bugzilla/show_bug.cgi?id=24097,ecd8b842cf37ea112e59cd9085ff1f1b6e208ae0,sysdeps/posix/getaddrinfo.c,1524,1529,0,before,0
CVE-2019-6488,>Memory Corruption<,https://sourceware.org/bugzilla/show_bug.cgi?id=24097,ecd8b842cf37ea112e59cd9085ff1f1b6e208ae0,sysdeps/posix/getaddrinfo.c,1532,1537,0,before,0
CVE-2019-6488,>Memory Corruption<,https://sourceware.org/bugzilla/show_bug.cgi?id=24097,ecd8b842cf37ea112e59cd9085ff1f1b6e208ae0,sysdeps/posix/getaddrinfo.c,1338,1380,0,before,0
CVE-2019-6488,>Memory Corruption<,https://sourceware.org/bugzilla/show_bug.cgi?id=24097,ecd8b842cf37ea112e59cd9085ff1f1b6e208ae0,sysdeps/posix/getaddrinfo.c,2320,2657,0,before,0
CVE-2019-6488,>Memory Corruption<,https://sourceware.org/bugzilla/show_bug.cgi?id=24097,ecd8b842cf37ea112e59cd9085ff1f1b6e208ae0,sysdeps/posix/getaddrinfo.c,1795,1802,0,before,0
CVE-2019-6488,>Memory Corruption<,https://sourceware.org/bugzilla/show_bug.cgi?id=24097,ecd8b842cf37ea112e59cd9085ff1f1b6e208ae0,sysdeps/posix/getaddrinfo.c,1853,1875,0,before,0
CVE-2019-6488,>Memory Corruption<,https://sourceware.org/bugzilla/show_bug.cgi?id=24097,ecd8b842cf37ea112e59cd9085ff1f1b6e208ae0,sysdeps/posix/getaddrinfo.c,1471,1521,0,before,0
CVE-2019-6488,>Memory Corruption<,https://sourceware.org/bugzilla/show_bug.cgi?id=24097,ecd8b842cf37ea112e59cd9085ff1f1b6e208ae0,sysdeps/posix/getaddrinfo.c,1916,1927,0,before,0
CVE-2019-6488,>Memory Corruption<,https://sourceware.org/bugzilla/show_bug.cgi?id=24097,ecd8b842cf37ea112e59cd9085ff1f1b6e208ae0,sysdeps/posix/getaddrinfo.c,1553,1792,0,before,0
CVE-2019-6488,>Memory Corruption<,https://sourceware.org/bugzilla/show_bug.cgi?id=24097,ecd8b842cf37ea112e59cd9085ff1f1b6e208ae0,sysdeps/posix/getaddrinfo.c,1838,1842,0,before,0
CVE-2019-6488,>Memory Corruption<,https://sourceware.org/bugzilla/show_bug.cgi?id=24097,ecd8b842cf37ea112e59cd9085ff1f1b6e208ae0,sysdeps/posix/getaddrinfo.c,1930,1941,0,before,0
CVE-2019-6488,>Memory Corruption<,https://sourceware.org/bugzilla/show_bug.cgi?id=24097,82d0b4a4d76db554eb6757acb790fcea30b19965,posix/glob.c,1346,1379,0,before,0
CVE-2019-6488,>Memory Corruption<,https://sourceware.org/bugzilla/show_bug.cgi?id=24097,82d0b4a4d76db554eb6757acb790fcea30b19965,posix/glob.c,1269,1282,0,before,0
CVE-2019-6488,>Memory Corruption<,https://sourceware.org/bugzilla/show_bug.cgi?id=24097,82d0b4a4d76db554eb6757acb790fcea30b19965,posix/glob.c,1269,1282,0,before,0
CVE-2019-6488,>Memory Corruption<,https://sourceware.org/bugzilla/show_bug.cgi?id=24097,82d0b4a4d76db554eb6757acb790fcea30b19965,posix/glob.c,1383,1387,0,before,0
CVE-2019-6488,>Memory Corruption<,https://sourceware.org/bugzilla/show_bug.cgi?id=24097,82d0b4a4d76db554eb6757acb790fcea30b19965,posix/glob.c,1289,1341,0,before,0
CVE-2019-6488,>Memory Corruption<,https://sourceware.org/bugzilla/show_bug.cgi?id=24097,ee915088a0231cd421054dbd8abab7aadf331153,sunrpc/clnt_udp.c,118,205,0,before,0
CVE-2019-6488,>Memory Corruption<,https://sourceware.org/bugzilla/show_bug.cgi?id=24097,c7c54f65b080affb87a1513dee449c8ad6143c8b,resolv/nss_dns/dns-host.c,154,260,0,before,0
CVE-2019-6488,>Memory Corruption<,https://sourceware.org/bugzilla/show_bug.cgi?id=24097,c7c54f65b080affb87a1513dee449c8ad6143c8b,resolv/nss_dns/dns-host.c,274,289,0,before,0
CVE-2019-6488,>Memory Corruption<,https://sourceware.org/bugzilla/show_bug.cgi?id=24097,c7c54f65b080affb87a1513dee449c8ad6143c8b,resolv/nss_dns/dns-host.c,524,564,0,before,0
CVE-2019-6488,>Memory Corruption<,https://sourceware.org/bugzilla/show_bug.cgi?id=24097,c7c54f65b080affb87a1513dee449c8ad6143c8b,resolv/nss_dns/dns-host.c,1196,1328,0,before,0
CVE-2019-6488,>Memory Corruption<,https://sourceware.org/bugzilla/show_bug.cgi?id=24097,c7c54f65b080affb87a1513dee449c8ad6143c8b,resolv/nss_dns/dns-host.c,956,1193,0,before,0
CVE-2019-6488,>Memory Corruption<,https://sourceware.org/bugzilla/show_bug.cgi?id=24097,c7c54f65b080affb87a1513dee449c8ad6143c8b,resolv/nss_dns/dns-host.c,566,953,0,before,0
CVE-2019-6488,>Memory Corruption<,https://sourceware.org/bugzilla/show_bug.cgi?id=24097,c7c54f65b080affb87a1513dee449c8ad6143c8b,resolv/nss_dns/dns-host.c,261,271,0,before,0
CVE-2019-6488,>Memory Corruption<,https://sourceware.org/bugzilla/show_bug.cgi?id=24097,c7c54f65b080affb87a1513dee449c8ad6143c8b,resolv/nss_dns/dns-host.c,261,271,0,before,0
CVE-2019-6488,>Memory Corruption<,https://sourceware.org/bugzilla/show_bug.cgi?id=24097,c7c54f65b080affb87a1513dee449c8ad6143c8b,resolv/nss_dns/dns-host.c,136,152,0,before,0
CVE-2019-6488,>Memory Corruption<,https://sourceware.org/bugzilla/show_bug.cgi?id=24097,c7c54f65b080affb87a1513dee449c8ad6143c8b,resolv/nss_dns/dns-host.c,136,152,0,before,0
CVE-2019-6488,>Memory Corruption<,https://sourceware.org/bugzilla/show_bug.cgi?id=24097,c7c54f65b080affb87a1513dee449c8ad6143c8b,resolv/res_mkquery.c,210,259,0,before,0
CVE-2019-6488,>Memory Corruption<,https://sourceware.org/bugzilla/show_bug.cgi?id=24097,c7c54f65b080affb87a1513dee449c8ad6143c8b,resolv/res_query.c,306,317,0,before,0
CVE-2019-6488,>Memory Corruption<,https://sourceware.org/bugzilla/show_bug.cgi?id=24097,c7c54f65b080affb87a1513dee449c8ad6143c8b,resolv/res_query.c,306,317,0,before,0
CVE-2019-6488,>Memory Corruption<,https://sourceware.org/bugzilla/show_bug.cgi?id=24097,c7c54f65b080affb87a1513dee449c8ad6143c8b,resolv/res_query.c,306,317,0,before,0
CVE-2019-6488,>Memory Corruption<,https://sourceware.org/bugzilla/show_bug.cgi?id=24097,c7c54f65b080affb87a1513dee449c8ad6143c8b,resolv/res_query.c,306,317,0,before,0
CVE-2019-6488,>Memory Corruption<,https://sourceware.org/bugzilla/show_bug.cgi?id=24097,c7c54f65b080affb87a1513dee449c8ad6143c8b,resolv/res_query.c,306,317,0,before,0
CVE-2019-6488,>Memory Corruption<,https://sourceware.org/bugzilla/show_bug.cgi?id=24097,5165de69c0908e28a380cbd4bb054e55ea4abc95,sunrpc/clnt_udp.c,118,205,0,before,0
CVE-2019-7309,Undefined,https://sourceware.org/bugzilla/show_bug.cgi?id=24155,3f635fb43389b54f682fc9ed2acc0b2aaf4a923d,posix/glob.c,1166,1179,0,before,0
CVE-2019-7309,Undefined,https://sourceware.org/bugzilla/show_bug.cgi?id=24155,3f635fb43389b54f682fc9ed2acc0b2aaf4a923d,posix/glob.c,1166,1179,0,before,0
CVE-2019-7309,Undefined,https://sourceware.org/bugzilla/show_bug.cgi?id=24155,3f635fb43389b54f682fc9ed2acc0b2aaf4a923d,posix/glob.c,136,146,0,before,0
CVE-2019-7309,Undefined,https://sourceware.org/bugzilla/show_bug.cgi?id=24155,3f635fb43389b54f682fc9ed2acc0b2aaf4a923d,posix/glob.c,1240,1479,0,before,0
CVE-2019-7309,Undefined,https://sourceware.org/bugzilla/show_bug.cgi?id=24155,3f635fb43389b54f682fc9ed2acc0b2aaf4a923d,posix/glob.c,184,205,0,before,0
CVE-2019-7309,Undefined,https://sourceware.org/bugzilla/show_bug.cgi?id=24155,3f635fb43389b54f682fc9ed2acc0b2aaf4a923d,posix/glob.c,222,228,0,before,0
CVE-2019-7309,Undefined,https://sourceware.org/bugzilla/show_bug.cgi?id=24155,3f635fb43389b54f682fc9ed2acc0b2aaf4a923d,posix/glob.c,250,271,0,before,0
CVE-2019-7309,Undefined,https://sourceware.org/bugzilla/show_bug.cgi?id=24155,3f635fb43389b54f682fc9ed2acc0b2aaf4a923d,posix/glob.c,1186,1234,0,before,0
CVE-2019-7309,Undefined,https://sourceware.org/bugzilla/show_bug.cgi?id=24155,3f635fb43389b54f682fc9ed2acc0b2aaf4a923d,posix/glob.c,107,117,0,before,0
CVE-2019-7309,Undefined,https://sourceware.org/bugzilla/show_bug.cgi?id=24155,3f635fb43389b54f682fc9ed2acc0b2aaf4a923d,posix/glob.c,211,220,0,before,0
CVE-2019-9169,Undefined,https://sourceware.org/bugzilla/show_bug.cgi?id=24114,583dd860d5b833037175247230a328f0050dbfe9,resolv/res_query.c,307,318,0,before,0
CVE-2019-9169,Undefined,https://sourceware.org/bugzilla/show_bug.cgi?id=24114,583dd860d5b833037175247230a328f0050dbfe9,resolv/res_query.c,307,318,0,before,0
CVE-2019-9169,Undefined,https://sourceware.org/bugzilla/show_bug.cgi?id=24114,583dd860d5b833037175247230a328f0050dbfe9,resolv/res_query.c,307,318,0,before,0
CVE-2019-9169,Undefined,https://sourceware.org/bugzilla/show_bug.cgi?id=24114,583dd860d5b833037175247230a328f0050dbfe9,resolv/res_query.c,307,318,0,before,0
CVE-2019-9169,Undefined,https://sourceware.org/bugzilla/show_bug.cgi?id=24114,583dd860d5b833037175247230a328f0050dbfe9,resolv/res_query.c,307,318,0,before,0
CVE-2020-1751,>Memory Corruption<>Denial of service<,https://sourceware.org/bugzilla/show_bug.cgi?id=25423,d93769405996dfc11d216ddbe415946617b5a494,posix/glob.c,1166,1179,0,before,0
CVE-2020-1751,>Memory Corruption<>Denial of service<,https://sourceware.org/bugzilla/show_bug.cgi?id=25423,d93769405996dfc11d216ddbe415946617b5a494,posix/glob.c,1166,1179,0,before,0
CVE-2020-1751,>Memory Corruption<>Denial of service<,https://sourceware.org/bugzilla/show_bug.cgi?id=25423,d93769405996dfc11d216ddbe415946617b5a494,posix/glob.c,136,146,0,before,0
CVE-2020-1751,>Memory Corruption<>Denial of service<,https://sourceware.org/bugzilla/show_bug.cgi?id=25423,d93769405996dfc11d216ddbe415946617b5a494,posix/glob.c,1240,1479,0,before,0
CVE-2020-1751,>Memory Corruption<>Denial of service<,https://sourceware.org/bugzilla/show_bug.cgi?id=25423,d93769405996dfc11d216ddbe415946617b5a494,posix/glob.c,184,205,0,before,0
CVE-2020-1751,>Memory Corruption<>Denial of service<,https://sourceware.org/bugzilla/show_bug.cgi?id=25423,d93769405996dfc11d216ddbe415946617b5a494,posix/glob.c,222,228,0,before,0
CVE-2020-1751,>Memory Corruption<>Denial of service<,https://sourceware.org/bugzilla/show_bug.cgi?id=25423,d93769405996dfc11d216ddbe415946617b5a494,posix/glob.c,250,271,0,before,0
CVE-2020-1751,>Memory Corruption<>Denial of service<,https://sourceware.org/bugzilla/show_bug.cgi?id=25423,d93769405996dfc11d216ddbe415946617b5a494,posix/glob.c,1186,1234,0,before,0
CVE-2020-1751,>Memory Corruption<>Denial of service<,https://sourceware.org/bugzilla/show_bug.cgi?id=25423,d93769405996dfc11d216ddbe415946617b5a494,posix/glob.c,107,117,0,before,0
CVE-2020-1751,>Memory Corruption<>Denial of service<,https://sourceware.org/bugzilla/show_bug.cgi?id=25423,d93769405996dfc11d216ddbe415946617b5a494,posix/glob.c,211,220,0,before,0
CVE-2020-1752,>Memory Corruption<,https://sourceware.org/bugzilla/show_bug.cgi?id=25414,ddc650e9b3dc916eab417ce9f79e67337b05035c,malloc/malloc.c,5337,5360,0,before,0
CVE-2020-1752,>Memory Corruption<,https://sourceware.org/bugzilla/show_bug.cgi?id=25414,ddc650e9b3dc916eab417ce9f79e67337b05035c,malloc/malloc.c,3254,3323,0,before,0
CVE-2020-1752,>Memory Corruption<,https://sourceware.org/bugzilla/show_bug.cgi?id=25414,ddc650e9b3dc916eab417ce9f79e67337b05035c,malloc/malloc.c,1880,1885,0,before,0
CVE-2020-1752,>Memory Corruption<,https://sourceware.org/bugzilla/show_bug.cgi?id=25414,ddc650e9b3dc916eab417ce9f79e67337b05035c,malloc/malloc.c,1887,1892,0,before,0
CVE-2020-1752,>Memory Corruption<,https://sourceware.org/bugzilla/show_bug.cgi?id=25414,ddc650e9b3dc916eab417ce9f79e67337b05035c,malloc/malloc.c,3077,3120,0,before,0
CVE-2020-1752,>Memory Corruption<,https://sourceware.org/bugzilla/show_bug.cgi?id=25414,ddc650e9b3dc916eab417ce9f79e67337b05035c,malloc/malloc.c,3077,3120,0,before,0
CVE-2020-1752,>Memory Corruption<,https://sourceware.org/bugzilla/show_bug.cgi?id=25414,ddc650e9b3dc916eab417ce9f79e67337b05035c,malloc/malloc.c,3077,3120,0,before,0
CVE-2020-1752,>Memory Corruption<,https://sourceware.org/bugzilla/show_bug.cgi?id=25414,ddc650e9b3dc916eab417ce9f79e67337b05035c,malloc/malloc.c,3077,3120,0,before,0
CVE-2020-1752,>Memory Corruption<,https://sourceware.org/bugzilla/show_bug.cgi?id=25414,ddc650e9b3dc916eab417ce9f79e67337b05035c,malloc/malloc.c,1803,1825,0,before,0
CVE-2020-1752,>Memory Corruption<,https://sourceware.org/bugzilla/show_bug.cgi?id=25414,ddc650e9b3dc916eab417ce9f79e67337b05035c,malloc/malloc.c,2822,2851,0,before,0
CVE-2020-1752,>Memory Corruption<,https://sourceware.org/bugzilla/show_bug.cgi?id=25414,ddc650e9b3dc916eab417ce9f79e67337b05035c,malloc/malloc.c,2268,2743,0,before,0
CVE-2020-1752,>Memory Corruption<,https://sourceware.org/bugzilla/show_bug.cgi?id=25414,ddc650e9b3dc916eab417ce9f79e67337b05035c,malloc/malloc.c,2755,2820,0,before,0
CVE-2020-1752,>Memory Corruption<,https://sourceware.org/bugzilla/show_bug.cgi?id=25414,ddc650e9b3dc916eab417ce9f79e67337b05035c,malloc/malloc.c,3014,3018,0,before,0
CVE-2020-1752,>Memory Corruption<,https://sourceware.org/bugzilla/show_bug.cgi?id=25414,ddc650e9b3dc916eab417ce9f79e67337b05035c,malloc/malloc.c,5361,5555,0,before,0
CVE-2020-1752,>Memory Corruption<,https://sourceware.org/bugzilla/show_bug.cgi?id=25414,ddc650e9b3dc916eab417ce9f79e67337b05035c,malloc/malloc.c,5361,5555,0,before,0
CVE-2020-27618,>Denial of service<,https://sourceware.org/bugzilla/show_bug.cgi?id=19519#c21,91927b7c76437db860cd86a7714476b56bb39d07,malloc/malloc.c,3022,3077,0,before,0
CVE-2020-27618,>Denial of service<,https://sourceware.org/bugzilla/show_bug.cgi?id=19519#c21,91927b7c76437db860cd86a7714476b56bb39d07,malloc/malloc.c,5344,5367,0,before,0
CVE-2020-27618,>Denial of service<,https://sourceware.org/bugzilla/show_bug.cgi?id=19519#c21,91927b7c76437db860cd86a7714476b56bb39d07,malloc/malloc.c,3255,3324,0,before,0
CVE-2020-27618,>Denial of service<,https://sourceware.org/bugzilla/show_bug.cgi?id=19519#c21,91927b7c76437db860cd86a7714476b56bb39d07,malloc/malloc.c,1880,1885,0,before,0
CVE-2020-27618,>Denial of service<,https://sourceware.org/bugzilla/show_bug.cgi?id=19519#c21,91927b7c76437db860cd86a7714476b56bb39d07,malloc/malloc.c,1887,1892,0,before,0
CVE-2020-27618,>Denial of service<,https://sourceware.org/bugzilla/show_bug.cgi?id=19519#c21,91927b7c76437db860cd86a7714476b56bb39d07,malloc/malloc.c,3078,3121,0,before,0
CVE-2020-27618,>Denial of service<,https://sourceware.org/bugzilla/show_bug.cgi?id=19519#c21,91927b7c76437db860cd86a7714476b56bb39d07,malloc/malloc.c,3078,3121,0,before,0
CVE-2020-27618,>Denial of service<,https://sourceware.org/bugzilla/show_bug.cgi?id=19519#c21,91927b7c76437db860cd86a7714476b56bb39d07,malloc/malloc.c,3078,3121,0,before,0
CVE-2020-27618,>Denial of service<,https://sourceware.org/bugzilla/show_bug.cgi?id=19519#c21,91927b7c76437db860cd86a7714476b56bb39d07,malloc/malloc.c,3078,3121,0,before,0
CVE-2020-27618,>Denial of service<,https://sourceware.org/bugzilla/show_bug.cgi?id=19519#c21,91927b7c76437db860cd86a7714476b56bb39d07,malloc/malloc.c,1803,1825,0,before,0
CVE-2020-27618,>Denial of service<,https://sourceware.org/bugzilla/show_bug.cgi?id=19519#c21,91927b7c76437db860cd86a7714476b56bb39d07,malloc/malloc.c,2822,2851,0,before,0
CVE-2020-27618,>Denial of service<,https://sourceware.org/bugzilla/show_bug.cgi?id=19519#c21,91927b7c76437db860cd86a7714476b56bb39d07,malloc/malloc.c,2268,2743,0,before,0
CVE-2020-27618,>Denial of service<,https://sourceware.org/bugzilla/show_bug.cgi?id=19519#c21,91927b7c76437db860cd86a7714476b56bb39d07,malloc/malloc.c,2755,2820,0,before,0
CVE-2020-27618,>Denial of service<,https://sourceware.org/bugzilla/show_bug.cgi?id=19519#c21,91927b7c76437db860cd86a7714476b56bb39d07,malloc/malloc.c,3014,3018,0,before,0
CVE-2020-27618,>Denial of service<,https://sourceware.org/bugzilla/show_bug.cgi?id=19519#c21,91927b7c76437db860cd86a7714476b56bb39d07,malloc/malloc.c,5368,5562,0,before,0
CVE-2020-27618,>Denial of service<,https://sourceware.org/bugzilla/show_bug.cgi?id=19519#c21,91927b7c76437db860cd86a7714476b56bb39d07,malloc/malloc.c,5368,5562,0,before,0
CVE-2020-6096,>Memory Corruption<>Execute code<,https://sourceware.org/bugzilla/show_bug.cgi?id=25620,eec0f4218cda936a6ab8f543e90b96b196df3fc2,elf/dl-load.c,220,243,0,before,0
CVE-2020-6096,>Memory Corruption<>Execute code<,https://sourceware.org/bugzilla/show_bug.cgi?id=25620,eec0f4218cda936a6ab8f543e90b96b196df3fc2,elf/dl-load.c,246,310,0,before,0
CVE-2020-6096,>Memory Corruption<>Execute code<,https://sourceware.org/bugzilla/show_bug.cgi?id=25620,eec0f4218cda936a6ab8f543e90b96b196df3fc2,elf/dl-load.c,606,755,0,before,0
CVE-2020-6096,>Memory Corruption<>Execute code<,https://sourceware.org/bugzilla/show_bug.cgi?id=25620,eec0f4218cda936a6ab8f543e90b96b196df3fc2,elf/dl-load.c,1828,2139,0,before,0
CVE-2020-6096,>Memory Corruption<>Execute code<,https://sourceware.org/bugzilla/show_bug.cgi?id=25620,eec0f4218cda936a6ab8f543e90b96b196df3fc2,elf/dl-load.c,786,1331,0,before,0
CVE-2020-6096,>Memory Corruption<>Execute code<,https://sourceware.org/bugzilla/show_bug.cgi?id=25620,eec0f4218cda936a6ab8f543e90b96b196df3fc2,elf/dl-load.c,2181,2244,0,before,0
CVE-2020-6096,>Memory Corruption<>Execute code<,https://sourceware.org/bugzilla/show_bug.cgi?id=25620,eec0f4218cda936a6ab8f543e90b96b196df3fc2,elf/dl-load.c,352,379,0,before,0
CVE-2020-6096,>Memory Corruption<>Execute code<,https://sourceware.org/bugzilla/show_bug.cgi?id=25620,eec0f4218cda936a6ab8f543e90b96b196df3fc2,elf/dl-load.c,2149,2179,0,before,0
CVE-2020-6096,>Memory Corruption<>Execute code<,https://sourceware.org/bugzilla/show_bug.cgi?id=25620,eec0f4218cda936a6ab8f543e90b96b196df3fc2,elf/dl-load.c,580,603,0,before,0
CVE-2020-6096,>Memory Corruption<>Execute code<,https://sourceware.org/bugzilla/show_bug.cgi?id=25620,eec0f4218cda936a6ab8f543e90b96b196df3fc2,elf/dl-load.c,318,345,0,before,0
CVE-2020-6096,>Memory Corruption<>Execute code<,https://sourceware.org/bugzilla/show_bug.cgi?id=25620,eec0f4218cda936a6ab8f543e90b96b196df3fc2,elf/dl-load.c,182,217,0,before,0
CVE-2020-6096,>Memory Corruption<>Execute code<,https://sourceware.org/bugzilla/show_bug.cgi?id=25620,eec0f4218cda936a6ab8f543e90b96b196df3fc2,elf/dl-load.c,119,179,0,before,0
CVE-2020-6096,>Memory Corruption<>Execute code<,https://sourceware.org/bugzilla/show_bug.cgi?id=25620,eec0f4218cda936a6ab8f543e90b96b196df3fc2,elf/dl-load.c,758,779,0,before,0
CVE-2020-6096,>Memory Corruption<>Execute code<,https://sourceware.org/bugzilla/show_bug.cgi?id=25620,eec0f4218cda936a6ab8f543e90b96b196df3fc2,elf/dl-load.c,1678,1824,0,before,0
CVE-2020-6096,>Memory Corruption<>Execute code<,https://sourceware.org/bugzilla/show_bug.cgi?id=25620,eec0f4218cda936a6ab8f543e90b96b196df3fc2,elf/dl-load.c,1379,1669,0,before,0
CVE-2020-6096,>Memory Corruption<>Execute code<,https://sourceware.org/bugzilla/show_bug.cgi?id=25620,eec0f4218cda936a6ab8f543e90b96b196df3fc2,elf/dl-load.c,1334,1369,0,before,0
CVE-2020-6096,>Memory Corruption<>Execute code<,https://sourceware.org/bugzilla/show_bug.cgi?id=25620,eca1b233322914d9013f3ee4aabecaadc9245abd,malloc/malloc.c,3022,3077,0,before,0
CVE-2020-6096,>Memory Corruption<>Execute code<,https://sourceware.org/bugzilla/show_bug.cgi?id=25620,eca1b233322914d9013f3ee4aabecaadc9245abd,malloc/malloc.c,5344,5367,0,before,0
CVE-2020-6096,>Memory Corruption<>Execute code<,https://sourceware.org/bugzilla/show_bug.cgi?id=25620,eca1b233322914d9013f3ee4aabecaadc9245abd,malloc/malloc.c,3255,3324,0,before,0
CVE-2020-6096,>Memory Corruption<>Execute code<,https://sourceware.org/bugzilla/show_bug.cgi?id=25620,eca1b233322914d9013f3ee4aabecaadc9245abd,malloc/malloc.c,1880,1885,0,before,0
CVE-2020-6096,>Memory Corruption<>Execute code<,https://sourceware.org/bugzilla/show_bug.cgi?id=25620,eca1b233322914d9013f3ee4aabecaadc9245abd,malloc/malloc.c,1887,1892,0,before,0
CVE-2020-6096,>Memory Corruption<>Execute code<,https://sourceware.org/bugzilla/show_bug.cgi?id=25620,eca1b233322914d9013f3ee4aabecaadc9245abd,malloc/malloc.c,3078,3121,0,before,0
CVE-2020-6096,>Memory Corruption<>Execute code<,https://sourceware.org/bugzilla/show_bug.cgi?id=25620,eca1b233322914d9013f3ee4aabecaadc9245abd,malloc/malloc.c,3078,3121,0,before,0
CVE-2020-6096,>Memory Corruption<>Execute code<,https://sourceware.org/bugzilla/show_bug.cgi?id=25620,eca1b233322914d9013f3ee4aabecaadc9245abd,malloc/malloc.c,3078,3121,0,before,0
CVE-2020-6096,>Memory Corruption<>Execute code<,https://sourceware.org/bugzilla/show_bug.cgi?id=25620,eca1b233322914d9013f3ee4aabecaadc9245abd,malloc/malloc.c,3078,3121,0,before,0
CVE-2020-6096,>Memory Corruption<>Execute code<,https://sourceware.org/bugzilla/show_bug.cgi?id=25620,eca1b233322914d9013f3ee4aabecaadc9245abd,malloc/malloc.c,1803,1825,0,before,0
CVE-2020-6096,>Memory Corruption<>Execute code<,https://sourceware.org/bugzilla/show_bug.cgi?id=25620,eca1b233322914d9013f3ee4aabecaadc9245abd,malloc/malloc.c,2822,2851,0,before,0
CVE-2020-6096,>Memory Corruption<>Execute code<,https://sourceware.org/bugzilla/show_bug.cgi?id=25620,eca1b233322914d9013f3ee4aabecaadc9245abd,malloc/malloc.c,2268,2743,0,before,0
CVE-2020-6096,>Memory Corruption<>Execute code<,https://sourceware.org/bugzilla/show_bug.cgi?id=25620,eca1b233322914d9013f3ee4aabecaadc9245abd,malloc/malloc.c,2755,2820,0,before,0
CVE-2020-6096,>Memory Corruption<>Execute code<,https://sourceware.org/bugzilla/show_bug.cgi?id=25620,eca1b233322914d9013f3ee4aabecaadc9245abd,malloc/malloc.c,3014,3018,0,before,0
CVE-2020-6096,>Memory Corruption<>Execute code<,https://sourceware.org/bugzilla/show_bug.cgi?id=25620,eca1b233322914d9013f3ee4aabecaadc9245abd,malloc/malloc.c,5368,5562,0,before,0
CVE-2020-6096,>Memory Corruption<>Execute code<,https://sourceware.org/bugzilla/show_bug.cgi?id=25620,eca1b233322914d9013f3ee4aabecaadc9245abd,malloc/malloc.c,5368,5562,0,before,0
CVE-2021-27645,>Memory Corruption<>Denial of service<,https://sourceware.org/bugzilla/show_bug.cgi?id=27462,dca565886b5e8bd7966e15f0ca42ee5cff686673,resolv/res_init.c,600,623,0,before,0
CVE-2021-27645,>Memory Corruption<>Denial of service<,https://sourceware.org/bugzilla/show_bug.cgi?id=27462,dca565886b5e8bd7966e15f0ca42ee5cff686673,resolv/res_init.c,547,592,0,before,0
CVE-2021-27645,>Memory Corruption<>Denial of service<,https://sourceware.org/bugzilla/show_bug.cgi?id=27462,dca565886b5e8bd7966e15f0ca42ee5cff686673,resolv/res_init.c,212,222,0,before,0
CVE-2021-27645,>Memory Corruption<>Denial of service<,https://sourceware.org/bugzilla/show_bug.cgi?id=27462,dca565886b5e8bd7966e15f0ca42ee5cff686673,sysdeps/posix/getaddrinfo.c,1693,1697,0,before,0
CVE-2021-27645,>Memory Corruption<>Denial of service<,https://sourceware.org/bugzilla/show_bug.cgi?id=27462,dca565886b5e8bd7966e15f0ca42ee5cff686673,sysdeps/posix/getaddrinfo.c,197,241,0,before,0
CVE-2021-27645,>Memory Corruption<>Denial of service<,https://sourceware.org/bugzilla/show_bug.cgi?id=27462,dca565886b5e8bd7966e15f0ca42ee5cff686673,resolv/res_init.c,228,247,0,before,0
CVE-2021-27645,>Memory Corruption<>Denial of service<,https://sourceware.org/bugzilla/show_bug.cgi?id=27462,dca565886b5e8bd7966e15f0ca42ee5cff686673,sysdeps/posix/getaddrinfo.c,1390,1399,0,before,0
CVE-2021-27645,>Memory Corruption<>Denial of service<,https://sourceware.org/bugzilla/show_bug.cgi?id=27462,dca565886b5e8bd7966e15f0ca42ee5cff686673,sysdeps/posix/getaddrinfo.c,1741,1750,0,before,0
CVE-2021-27645,>Memory Corruption<>Denial of service<,https://sourceware.org/bugzilla/show_bug.cgi?id=27462,dca565886b5e8bd7966e15f0ca42ee5cff686673,sysdeps/posix/getaddrinfo.c,1753,1762,0,before,0
CVE-2021-27645,>Memory Corruption<>Denial of service<,https://sourceware.org/bugzilla/show_bug.cgi?id=27462,dca565886b5e8bd7966e15f0ca42ee5cff686673,sysdeps/posix/getaddrinfo.c,1793,2156,0,before,0
CVE-2021-27645,>Memory Corruption<>Denial of service<,https://sourceware.org/bugzilla/show_bug.cgi?id=27462,dca565886b5e8bd7966e15f0ca42ee5cff686673,sysdeps/posix/getaddrinfo.c,2159,2166,0,before,0
CVE-2021-27645,>Memory Corruption<>Denial of service<,https://sourceware.org/bugzilla/show_bug.cgi?id=27462,dca565886b5e8bd7966e15f0ca42ee5cff686673,sysdeps/posix/getaddrinfo.c,158,191,0,before,0
CVE-2021-27645,>Memory Corruption<>Denial of service<,https://sourceware.org/bugzilla/show_bug.cgi?id=27462,dca565886b5e8bd7966e15f0ca42ee5cff686673,sysdeps/posix/getaddrinfo.c,1373,1378,0,before,0
CVE-2021-27645,>Memory Corruption<>Denial of service<,https://sourceware.org/bugzilla/show_bug.cgi?id=27462,dca565886b5e8bd7966e15f0ca42ee5cff686673,sysdeps/posix/getaddrinfo.c,1381,1386,0,before,0
CVE-2021-27645,>Memory Corruption<>Denial of service<,https://sourceware.org/bugzilla/show_bug.cgi?id=27462,dca565886b5e8bd7966e15f0ca42ee5cff686673,sysdeps/posix/getaddrinfo.c,1187,1229,0,before,0
CVE-2021-27645,>Memory Corruption<>Denial of service<,https://sourceware.org/bugzilla/show_bug.cgi?id=27462,dca565886b5e8bd7966e15f0ca42ee5cff686673,sysdeps/posix/getaddrinfo.c,2169,2507,0,before,0
CVE-2021-27645,>Memory Corruption<>Denial of service<,https://sourceware.org/bugzilla/show_bug.cgi?id=27462,dca565886b5e8bd7966e15f0ca42ee5cff686673,sysdeps/posix/getaddrinfo.c,324,339,0,before,0
CVE-2021-27645,>Memory Corruption<>Denial of service<,https://sourceware.org/bugzilla/show_bug.cgi?id=27462,dca565886b5e8bd7966e15f0ca42ee5cff686673,resolv/res_init.c,166,173,0,before,0
CVE-2021-27645,>Memory Corruption<>Denial of service<,https://sourceware.org/bugzilla/show_bug.cgi?id=27462,dca565886b5e8bd7966e15f0ca42ee5cff686673,sysdeps/posix/getaddrinfo.c,1644,1651,0,before,0
CVE-2021-27645,>Memory Corruption<>Denial of service<,https://sourceware.org/bugzilla/show_bug.cgi?id=27462,dca565886b5e8bd7966e15f0ca42ee5cff686673,sysdeps/posix/getaddrinfo.c,1702,1724,0,before,0
CVE-2021-27645,>Memory Corruption<>Denial of service<,https://sourceware.org/bugzilla/show_bug.cgi?id=27462,dca565886b5e8bd7966e15f0ca42ee5cff686673,resolv/res_init.c,114,122,0,before,0
CVE-2021-27645,>Memory Corruption<>Denial of service<,https://sourceware.org/bugzilla/show_bug.cgi?id=27462,dca565886b5e8bd7966e15f0ca42ee5cff686673,sysdeps/posix/getaddrinfo.c,1320,1370,0,before,0
CVE-2021-27645,>Memory Corruption<>Denial of service<,https://sourceware.org/bugzilla/show_bug.cgi?id=27462,dca565886b5e8bd7966e15f0ca42ee5cff686673,resolv/res_init.c,697,707,0,before,0
CVE-2021-27645,>Memory Corruption<>Denial of service<,https://sourceware.org/bugzilla/show_bug.cgi?id=27462,dca565886b5e8bd7966e15f0ca42ee5cff686673,sysdeps/posix/getaddrinfo.c,1765,1776,0,before,0
CVE-2021-27645,>Memory Corruption<>Denial of service<,https://sourceware.org/bugzilla/show_bug.cgi?id=27462,dca565886b5e8bd7966e15f0ca42ee5cff686673,resolv/res_init.c,625,695,0,before,0
CVE-2021-27645,>Memory Corruption<>Denial of service<,https://sourceware.org/bugzilla/show_bug.cgi?id=27462,dca565886b5e8bd7966e15f0ca42ee5cff686673,resolv/res_init.c,200,208,0,before,0
CVE-2021-27645,>Memory Corruption<>Denial of service<,https://sourceware.org/bugzilla/show_bug.cgi?id=27462,dca565886b5e8bd7966e15f0ca42ee5cff686673,resolv/res_init.c,175,198,0,before,0
CVE-2021-27645,>Memory Corruption<>Denial of service<,https://sourceware.org/bugzilla/show_bug.cgi?id=27462,dca565886b5e8bd7966e15f0ca42ee5cff686673,sysdeps/posix/getaddrinfo.c,1402,1641,0,before,0
CVE-2021-27645,>Memory Corruption<>Denial of service<,https://sourceware.org/bugzilla/show_bug.cgi?id=27462,dca565886b5e8bd7966e15f0ca42ee5cff686673,sysdeps/posix/getaddrinfo.c,1687,1691,0,before,0
CVE-2021-27645,>Memory Corruption<>Denial of service<,https://sourceware.org/bugzilla/show_bug.cgi?id=27462,dca565886b5e8bd7966e15f0ca42ee5cff686673,sysdeps/posix/getaddrinfo.c,1779,1790,0,before,0
CVE-2021-33574,>Memory Corruption<>Denial of service<,https://sourceware.org/bugzilla/show_bug.cgi?id=27896#c1,42d359350510506b87101cf77202fefcbfc790cb,posix/regexec.c,458,521,0,before,0
CVE-2021-33574,>Memory Corruption<>Denial of service<,https://sourceware.org/bugzilla/show_bug.cgi?id=27896#c1,42d359350510506b87101cf77202fefcbfc790cb,posix/regexec.c,275,280,0,before,0
CVE-2021-33574,>Memory Corruption<>Denial of service<,https://sourceware.org/bugzilla/show_bug.cgi?id=27896#c1,42d359350510506b87101cf77202fefcbfc790cb,posix/regexec.c,296,303,0,before,0
CVE-2021-33574,>Memory Corruption<>Denial of service<,https://sourceware.org/bugzilla/show_bug.cgi?id=27896#c1,42d359350510506b87101cf77202fefcbfc790cb,posix/regexec.c,285,291,0,before,0
CVE-2021-33574,>Memory Corruption<>Denial of service<,https://sourceware.org/bugzilla/show_bug.cgi?id=27896#c1,42d359350510506b87101cf77202fefcbfc790cb,posix/regexec.c,308,315,0,before,0
CVE-2021-33574,>Memory Corruption<>Denial of service<,https://sourceware.org/bugzilla/show_bug.cgi?id=27896#c1,42d359350510506b87101cf77202fefcbfc790cb,posix/regexec.c,320,360,0,before,0
CVE-2021-33574,>Memory Corruption<>Denial of service<,https://sourceware.org/bugzilla/show_bug.cgi?id=27896#c1,42d359350510506b87101cf77202fefcbfc790cb,posix/regexec.c,367,456,0,before,0
CVE-2021-33574,>Memory Corruption<>Denial of service<,https://sourceware.org/bugzilla/show_bug.cgi?id=27896#c1,42d359350510506b87101cf77202fefcbfc790cb,posix/regexec.c,536,553,0,before,0
CVE-2021-33574,>Memory Corruption<>Denial of service<,https://sourceware.org/bugzilla/show_bug.cgi?id=27896#c1,42d359350510506b87101cf77202fefcbfc790cb,posix/regexec.c,191,222,0,before,0
CVE-2021-33574,>Memory Corruption<>Denial of service<,https://sourceware.org/bugzilla/show_bug.cgi?id=27896#c1,217b6dc298156bdb0d6aea9ea93e7e394a5ff091,iconv/gconv_charset.c,163,217,0,before,0
CVE-2021-33574,>Memory Corruption<>Denial of service<,https://sourceware.org/bugzilla/show_bug.cgi?id=27896#c1,217b6dc298156bdb0d6aea9ea93e7e394a5ff091,iconv/iconv_prog.c,711,728,0,before,0
CVE-2021-33574,>Memory Corruption<>Denial of service<,https://sourceware.org/bugzilla/show_bug.cgi?id=27896#c1,217b6dc298156bdb0d6aea9ea93e7e394a5ff091,intl/dcigettext.c,1434,1489,0,before,0
CVE-2021-33574,>Memory Corruption<>Denial of service<,https://sourceware.org/bugzilla/show_bug.cgi?id=27896#c1,217b6dc298156bdb0d6aea9ea93e7e394a5ff091,iconv/iconv_prog.c,700,709,0,before,0
CVE-2021-33574,>Memory Corruption<>Denial of service<,https://sourceware.org/bugzilla/show_bug.cgi?id=27896#c1,217b6dc298156bdb0d6aea9ea93e7e394a5ff091,iconv/iconv_prog.c,658,698,0,before,0
CVE-2021-33574,>Memory Corruption<>Denial of service<,https://sourceware.org/bugzilla/show_bug.cgi?id=27896#c1,217b6dc298156bdb0d6aea9ea93e7e394a5ff091,iconv/gconv_charset.c,72,149,0,before,0
CVE-2021-33574,>Memory Corruption<>Denial of service<,https://sourceware.org/bugzilla/show_bug.cgi?id=27896#c1,217b6dc298156bdb0d6aea9ea93e7e394a5ff091,intl/dcigettext.c,1494,1580,0,before,0
CVE-2021-33574,>Memory Corruption<>Denial of service<,https://sourceware.org/bugzilla/show_bug.cgi?id=27896#c1,217b6dc298156bdb0d6aea9ea93e7e394a5ff091,iconv/iconv_prog.c,731,751,0,before,0
CVE-2021-33574,>Memory Corruption<>Denial of service<,https://sourceware.org/bugzilla/show_bug.cgi?id=27896#c1,217b6dc298156bdb0d6aea9ea93e7e394a5ff091,iconv/iconv_prog.c,648,656,0,before,0
CVE-2021-33574,>Memory Corruption<>Denial of service<,https://sourceware.org/bugzilla/show_bug.cgi?id=27896#c1,217b6dc298156bdb0d6aea9ea93e7e394a5ff091,iconv/gconv_charset.c,218,227,0,before,0
CVE-2021-33574,>Memory Corruption<>Denial of service<,https://sourceware.org/bugzilla/show_bug.cgi?id=27896#c1,217b6dc298156bdb0d6aea9ea93e7e394a5ff091,intl/dcigettext.c,481,857,0,before,0
CVE-2021-33574,>Memory Corruption<>Denial of service<,https://sourceware.org/bugzilla/show_bug.cgi?id=27896#c1,217b6dc298156bdb0d6aea9ea93e7e394a5ff091,intl/dcigettext.c,1651,1655,0,before,0
CVE-2021-33574,>Memory Corruption<>Denial of service<,https://sourceware.org/bugzilla/show_bug.cgi?id=27896#c1,217b6dc298156bdb0d6aea9ea93e7e394a5ff091,iconv/iconv_prog.c,397,414,0,before,0
CVE-2021-33574,>Memory Corruption<>Denial of service<,https://sourceware.org/bugzilla/show_bug.cgi?id=27896#c1,217b6dc298156bdb0d6aea9ea93e7e394a5ff091,iconv/iconv_prog.c,362,394,0,before,0
CVE-2021-33574,>Memory Corruption<>Denial of service<,https://sourceware.org/bugzilla/show_bug.cgi?id=27896#c1,217b6dc298156bdb0d6aea9ea93e7e394a5ff091,intl/dcigettext.c,1397,1430,0,before,0
CVE-2021-33574,>Memory Corruption<>Denial of service<,https://sourceware.org/bugzilla/show_bug.cgi?id=27896#c1,217b6dc298156bdb0d6aea9ea93e7e394a5ff091,iconv/iconv_prog.c,754,798,0,before,0
CVE-2021-33574,>Memory Corruption<>Denial of service<,https://sourceware.org/bugzilla/show_bug.cgi?id=27896#c1,217b6dc298156bdb0d6aea9ea93e7e394a5ff091,iconv/iconv_prog.c,418,428,0,before,0
CVE-2021-33574,>Memory Corruption<>Denial of service<,https://sourceware.org/bugzilla/show_bug.cgi?id=27896#c1,217b6dc298156bdb0d6aea9ea93e7e394a5ff091,iconv/iconv_prog.c,466,552,0,before,0
CVE-2021-33574,>Memory Corruption<>Denial of service<,https://sourceware.org/bugzilla/show_bug.cgi?id=27896#c1,217b6dc298156bdb0d6aea9ea93e7e394a5ff091,iconv/iconv_prog.c,555,631,0,before,0
CVE-2021-33574,>Memory Corruption<>Denial of service<,https://sourceware.org/bugzilla/show_bug.cgi?id=27896#c1,217b6dc298156bdb0d6aea9ea93e7e394a5ff091,iconv/iconv_prog.c,634,640,0,before,0
CVE-2021-33574,>Memory Corruption<>Denial of service<,https://sourceware.org/bugzilla/show_bug.cgi?id=27896#c1,217b6dc298156bdb0d6aea9ea93e7e394a5ff091,intl/dcigettext.c,1641,1647,0,before,0
CVE-2021-33574,>Memory Corruption<>Denial of service<,https://sourceware.org/bugzilla/show_bug.cgi?id=27896#c1,217b6dc298156bdb0d6aea9ea93e7e394a5ff091,iconv/gconv_charset.h,50,57,0,before,0
CVE-2021-33574,>Memory Corruption<>Denial of service<,https://sourceware.org/bugzilla/show_bug.cgi?id=27896#c1,217b6dc298156bdb0d6aea9ea93e7e394a5ff091,iconv/iconv_prog.c,431,463,0,before,0
CVE-2021-35942,>Overflow<>Denial of service<,https://sourceware.org/bugzilla/show_bug.cgi?id=28011,5adda61f62b77384718b4c0d8336ade8f2b4b35c,iconv/gconv_charset.c,163,217,0,before,0
CVE-2021-35942,>Overflow<>Denial of service<,https://sourceware.org/bugzilla/show_bug.cgi?id=28011,5adda61f62b77384718b4c0d8336ade8f2b4b35c,iconv/iconv_prog.c,694,711,0,before,0
CVE-2021-35942,>Overflow<>Denial of service<,https://sourceware.org/bugzilla/show_bug.cgi?id=28011,5adda61f62b77384718b4c0d8336ade8f2b4b35c,intl/dcigettext.c,1439,1494,0,before,0
CVE-2021-35942,>Overflow<>Denial of service<,https://sourceware.org/bugzilla/show_bug.cgi?id=28011,5adda61f62b77384718b4c0d8336ade8f2b4b35c,iconv/iconv_prog.c,683,692,0,before,0
CVE-2021-35942,>Overflow<>Denial of service<,https://sourceware.org/bugzilla/show_bug.cgi?id=28011,5adda61f62b77384718b4c0d8336ade8f2b4b35c,iconv/iconv_prog.c,641,681,0,before,0
CVE-2021-35942,>Overflow<>Denial of service<,https://sourceware.org/bugzilla/show_bug.cgi?id=28011,5adda61f62b77384718b4c0d8336ade8f2b4b35c,iconv/gconv_charset.c,72,149,0,before,0
CVE-2021-35942,>Overflow<>Denial of service<,https://sourceware.org/bugzilla/show_bug.cgi?id=28011,5adda61f62b77384718b4c0d8336ade8f2b4b35c,intl/dcigettext.c,1499,1585,0,before,0
CVE-2021-35942,>Overflow<>Denial of service<,https://sourceware.org/bugzilla/show_bug.cgi?id=28011,5adda61f62b77384718b4c0d8336ade8f2b4b35c,iconv/iconv_prog.c,714,734,0,before,0
CVE-2021-35942,>Overflow<>Denial of service<,https://sourceware.org/bugzilla/show_bug.cgi?id=28011,5adda61f62b77384718b4c0d8336ade8f2b4b35c,iconv/iconv_prog.c,631,639,0,before,0
CVE-2021-35942,>Overflow<>Denial of service<,https://sourceware.org/bugzilla/show_bug.cgi?id=28011,5adda61f62b77384718b4c0d8336ade8f2b4b35c,intl/dcigettext.c,481,857,0,before,0
CVE-2021-35942,>Overflow<>Denial of service<,https://sourceware.org/bugzilla/show_bug.cgi?id=28011,5adda61f62b77384718b4c0d8336ade8f2b4b35c,intl/dcigettext.c,1656,1660,0,before,0
CVE-2021-35942,>Overflow<>Denial of service<,https://sourceware.org/bugzilla/show_bug.cgi?id=28011,5adda61f62b77384718b4c0d8336ade8f2b4b35c,iconv/iconv_prog.c,380,397,0,before,0
CVE-2021-35942,>Overflow<>Denial of service<,https://sourceware.org/bugzilla/show_bug.cgi?id=28011,5adda61f62b77384718b4c0d8336ade8f2b4b35c,iconv/iconv_prog.c,345,377,0,before,0
CVE-2021-35942,>Overflow<>Denial of service<,https://sourceware.org/bugzilla/show_bug.cgi?id=28011,5adda61f62b77384718b4c0d8336ade8f2b4b35c,intl/dcigettext.c,1402,1435,0,before,0
CVE-2021-35942,>Overflow<>Denial of service<,https://sourceware.org/bugzilla/show_bug.cgi?id=28011,5adda61f62b77384718b4c0d8336ade8f2b4b35c,iconv/iconv_prog.c,737,781,0,before,0
CVE-2021-35942,>Overflow<>Denial of service<,https://sourceware.org/bugzilla/show_bug.cgi?id=28011,5adda61f62b77384718b4c0d8336ade8f2b4b35c,iconv/iconv_prog.c,401,411,0,before,0
CVE-2021-35942,>Overflow<>Denial of service<,https://sourceware.org/bugzilla/show_bug.cgi?id=28011,5adda61f62b77384718b4c0d8336ade8f2b4b35c,iconv/iconv_prog.c,449,535,0,before,0
CVE-2021-35942,>Overflow<>Denial of service<,https://sourceware.org/bugzilla/show_bug.cgi?id=28011,5adda61f62b77384718b4c0d8336ade8f2b4b35c,iconv/iconv_prog.c,538,614,0,before,0
CVE-2021-35942,>Overflow<>Denial of service<,https://sourceware.org/bugzilla/show_bug.cgi?id=28011,5adda61f62b77384718b4c0d8336ade8f2b4b35c,iconv/iconv_prog.c,617,623,0,before,0
CVE-2021-35942,>Overflow<>Denial of service<,https://sourceware.org/bugzilla/show_bug.cgi?id=28011,5adda61f62b77384718b4c0d8336ade8f2b4b35c,intl/dcigettext.c,1646,1652,0,before,0
CVE-2021-35942,>Overflow<>Denial of service<,https://sourceware.org/bugzilla/show_bug.cgi?id=28011,5adda61f62b77384718b4c0d8336ade8f2b4b35c,iconv/gconv_charset.h,83,106,0,before,0
CVE-2021-35942,>Overflow<>Denial of service<,https://sourceware.org/bugzilla/show_bug.cgi?id=28011,5adda61f62b77384718b4c0d8336ade8f2b4b35c,iconv/gconv_charset.h,109,116,0,before,0
CVE-2021-35942,>Overflow<>Denial of service<,https://sourceware.org/bugzilla/show_bug.cgi?id=28011,5adda61f62b77384718b4c0d8336ade8f2b4b35c,iconv/iconv_prog.c,414,446,0,before,0
